{"web":
    {
      "client_id": "219327303677-rkvunl831034fihq5ggcte5i2p408ttb.apps.googleusercontent.com",
      "project_id": "seventh-jet-249218",
      "auth_uri": "https://accounts.google.com/o/oauth2/auth",
      "token_uri": "https://oauth2.googleapis.com/token",
      "auth_provider_x509_cert_url": "https://www.googleapis.com/oauth2/v1/certs",
      "client_secret": "L6pMcnV-9A9MVeb8sqShNvgr",
      "redirect_uris": ["http://localhost:5000/oauth2callback"],
      "javascript_origins": ["http://localhost:5000"]
    }
    }