{
  "apikey": "d_TPrPJreZJAY8Ns5iVB0G162ky2XbVKfBiCEOo4f_JY",
  "iam_apikey_description": "Auto-generated for key 75c9684b-7bf4-471a-8156-50689e874919",
  "iam_apikey_name": "Auto-generated service credentials",
  "iam_role_crn": "crn:v1:bluemix:public:iam::::serviceRole:Manager",
  "iam_serviceid_crn": "crn:v1:bluemix:public:iam-identity::a/c9e1c31f431e4dd38ae19f40864f8955::serviceid:ServiceId-15503e49-1ad3-42a7-b500-baa5f92798d8",
  "url": "https://api.eu-gb.natural-language-understanding.watson.cloud.ibm.com/instances/45e7a76c-2033-49e8-a04d-7d2ea2cbf7fc"
}